treatment,biological_rep,villis_height,villis_width1,villis_width2,villis_width3,crypt_depth,goblet_count
1,1,313.48,39.13,42.79,42.56,12.55,64
1,1,307.81,32.24,27.83,32.62,19,88
1,1,318.11,26.46,47.49,44.59,14.47,38
1,1,256.39,59.35,54.84,48.99,10.45,65
1,1,251.99,55.78,65.77,54.05,30.76,47
1,1,273.73,33.39,34.84,40.19,10.39,67
1,1,353.25,38.16,42.07,40.63,24.58,37
1,1,309.23,37.83,40.15,42.66,22.66,61
1,1,264.32,24.81,46.37,57.07,13.27,55
1,1,273.97,79.37,59.57,51.29,17.12,38
1,2,240.12,35.18,38.18,23.66,12.98,33
1,2,215.54,38.89,33.74,50.34,16.86,44
1,2,209.37,42.67,39.11,35.81,17.71,43
1,2,245.54,36.52,47.49,38.22,20.26,38
1,2,236,29.12,26.1,35.15,12.05,58
1,2,210.07,44.39,39.69,26.88,21.67,45
1,2,194.88,35.72,32.31,32.59,20.89,43
1,2,227.54,49.23,41.33,36.76,19.58,27
1,2,217.3,40.04,33.51,45.18,20.35,48
1,2,202.76,40.17,37.99,35.72,17.29,49
1,3,201.72,36.01,47.97,44.66,7.75,46
1,3,188.79,42.12,38.86,33.87,17.75,34
1,3,218.02,35.82,16.97,36.94,12.92,83
1,3,221.4,47.35,40.75,29.89,15.13,30
1,3,179.9,38.26,38.15,32.12,27.76,34
1,3,282.55,34.43,43.86,20.68,13.7,56
1,3,249.59,34.74,33.14,28.87,17.71,38
1,3,223.09,38.67,33.14,30.72,16.97,26
1,3,272.73,36.41,31.51,38.63,17.19,70
1,3,228.48,53.33,43.89,48.33,15.91,28
1,4,170.72,31.75,28.56,22.14,10.39,56
1,4,164.98,36.25,32.18,23.94,13.33,54
1,4,169.85,19.96,18.02,24.55,9.48,53
1,4,166.88,22.42,32.55,22.14,12.21,38
1,4,177.87,30.76,27.43,21.43,17.12,45
1,4,192.97,27.09,30.11,33.51,13.65,19
1,4,194.88,42.88,29.54,29.41,17.81,32
1,4,129.88,16.48,29.23,35.1,23.27,50
1,4,210.75,41.96,28.22,26.75,16.61,68
1,4,170.21,24.77,24.81,16.02,12.22,42
1,5,206.97,47.15,51.04,36.68,12.96,36
1,5,150.75,50.78,59.41,70.9,20.77,42
1,5,164.41,37.72,36.54,36.85,8.43,51
1,5,186.42,44.67,34.46,34.7,13.7,40
1,5,143.28,29.67,32.22,28.29,17.21,49
1,5,144.15,29.05,36.92,43.88,14.21,41
1,5,109.71,27.54,26,34.21,14.06,40
1,5,153.24,34.18,40.77,26.94,14.58,33
1,5,132.58,31.87,36.92,38.14,14.41,39
1,5,138.41,39.87,37.95,24.28,11.44,43
1,6,153.62,23.63,16.58,15.64,14.78,53
1,6,170.48,26.09,28.72,22.2,21.52,24
1,6,159.04,21.71,22.2,15.64,15.44,20
1,6,196.28,24.1,25.82,30.9,22.14,27
1,6,198.94,27.16,26.08,30.41,15.95,49
1,6,133.36,31.69,34.02,33,10.9,48
1,6,105.3,18.08,19.16,17.23,17.54,32
1,6,120.67,20.51,27.22,18.82,8.61,24
1,6,121.96,39,32.67,50.64,19.5,43
1,6,109.67,14.76,24.04,16.19,17.54,30
1,7,203.95,38.32,45.76,35.99,13.92,32
1,7,252.18,34.88,37.02,33.96,8.89,17
1,7,227.73,34.69,37.72,31,10.99,21
1,7,184.75,22.15,22.25,25.27,11.17,28
1,7,242.23,42.09,32.95,24.75,14.7,27
1,7,186.74,29.24,33.14,28.29,11.67,37
1,7,236.21,48.43,35.7,33.98,22.73,29
1,7,241.28,25.96,22.96,29.3,12.22,38
1,7,204.51,34.69,32.55,36.9,12.01,20
1,7,174.69,31,22.89,30.38,21.72,39
2,1,170.51,40.97,32.34,29.17,11.41,41
2,1,186.99,29.58,30.44,29.65,11.11,44
2,1,179.29,23.93,28.06,29.81,19.26,19
2,1,173.11,46.98,29.53,35.25,33.87,35
2,1,184.43,36.08,37.82,37.13,6.19,28
2,1,185.65,25.83,32.48,27.66,8.69,38
2,1,168.91,31.47,29.75,39.45,10.5,17
2,1,232.8,40.45,25.75,34,8.06,42
2,1,156.86,29,27.66,27.14,10.04,24
2,1,191.62,27.86,31.54,35.21,17.36,30
2,2,159.58,42.17,35.28,19.87,8.41,84
2,2,193.06,30.29,43.32,44.59,11.67,49
2,2,187.73,34.02,55.47,61.72,14.94,43
2,2,240.31,41.83,48.53,31.14,9.39,46
2,2,233.27,43.3,51.58,28.49,11.53,37
2,2,225.85,27.63,31.7,36.46,15.85,63
2,2,228.75,32.68,34.02,30.37,10.49,48
2,2,161.97,22.73,36.05,39.89,9.9,24
2,2,132.27,23.63,33.24,21.86,10.97,61
2,2,174.74,38.67,22.15,26.37,8.41,66
2,3,204.93,29.89,45.31,38.38,26.86,49
2,3,165.63,34.02,27.57,32.42,16.25,54
2,3,241.02,42.57,36.28,39.88,24.34,42
2,3,207.52,36.28,39.88,42.57,24.34,48
2,3,170.72,29.89,30.83,25.19,14.94,29
2,3,240.57,36.23,55.94,42.94,9.34,47
2,3,225.38,31.97,53.65,41.75,14.5,77
2,3,239.34,36.03,30.55,36.45,14.04,40
2,3,253.51,46.48,51.01,49.38,21.72,74
2,3,214.3,28.39,26.46,37.08,18.51,23
2,4,90.23,36.89,30.22,36.92,11.13,21
2,4,202.98,38.84,28.87,43.41,12.96,30
2,4,175.54,25.7,37.28,30.22,10.02,45
2,4,163.54,31.4,27,29.1,14.4,43
2,4,196.05,57.19,66.98,56.12,8.87,29
2,4,194.46,30.03,31.51,33.67,16.86,41
2,4,201.95,28.97,27.9,38.38,9.75,53
2,4,237.36,34.69,25.84,23.77,14.39,22
2,4,207.85,28.58,47.98,19.11,12.23,30
2,4,214.63,31.85,23.27,40.46,17.5,32
2,5,205.48,31.58,70.37,50.15,13.47,44
2,5,216.94,27.5,45.47,56.23,9.96,27
2,5,180.52,33.61,44.81,40.36,26.21,38
2,5,185.72,47.01,46.06,45.81,17.66,18
2,5,196.12,43.24,60.96,31.73,7.43,23
2,5,155.23,39.18,63.25,43.19,12.62,37
2,5,255.52,49.36,47.36,51.2,16.46,37
2,5,232.09,56.78,47.04,59.86,15.5,20
2,5,226.87,28.44,36.6,31.72,20.31,24
2,5,214.8,28.66,43.19,63.84,10.9,26
2,6,202.29,49.13,46.09,45.69,19.82,55
2,6,216.22,40.8,46.08,54.05,11.97,39
2,6,236.1,45.2,55.29,36.66,10.5,38
2,6,232.11,50.64,39.12,49.52,20.8,24
2,6,185.18,36.92,40.96,58.75,14.43,48
2,6,214.82,59.76,63.65,50.49,13.69,38
2,6,204.65,33.94,44.1,44.59,15.28,47
2,6,222.77,34.67,66.16,47.35,10.85,53
2,6,217.09,57.93,79.34,65.26,19.67,43
2,6,226.53,43.05,46.88,42.84,18.08,53
2,7,286.38,36.68,47.77,57.41,14.43,35
2,7,260.12,39.29,51.4,36.9,17.37,44
2,7,201.97,70.18,57.09,33.65,14.8,54
2,7,251.01,52.44,44.67,43.77,14.43,57
2,7,298.91,45.92,45.24,53.52,12.62,55
2,7,224.29,50.5,65.9,47.72,13.23,43
2,7,262.19,56.15,54.64,45.81,19.22,44
2,7,181.4,44.05,53.51,53.8,13.33,46
2,7,246.05,39.46,36.2,28.19,24.88,40
2,7,238.79,50.36,53.02,57.88,18.26,36
7,1,291.81,46.68,35.1,33.92,25.39,69
7,1,359.38,59.07,50.54,36.71,38.41,53
7,1,309.01,60.45,42.66,62.5,44.07,92
7,1,338.44,70.31,65.03,46.6,34.12,62
7,1,309.27,47.81,50.19,46.97,31.11,69
7,1,291.11,39.69,28.25,22.07,33,67
7,1,307.52,57.28,58.12,52.09,35.71,97
7,1,255.35,40.99,47.12,32.06,18.29,72
7,1,282.74,36.9,49.8,41.32,24.95,77
7,1,313.19,56.83,58.79,43.92,23.62,51
7,2,326.74,36.8,51.6,34.43,32.84,58
7,2,281.37,64.94,40.96,31.23,46.16,45
7,2,323.38,31.34,34.33,39.92,22.02,76
7,2,320.64,47.63,44.37,50.04,37.14,63
7,2,288.97,44.27,18.54,47.99,50.17,38
7,2,290.86,53.23,46.89,42.34,54.56,64
7,2,329.7,47.13,48.58,53.91,37.91,51
7,2,293.24,46.27,41.81,41.14,15.71,48
7,2,211.19,35.81,48.71,44.75,15.71,84
7,2,353.98,52.21,68.65,49.62,32.44,48
7,3,217.92,26.94,37.27,32.86,40.29,28
7,3,218.62,30.93,24.49,39.89,37.36,45
7,3,319.43,33.14,38.15,40.59,38.07,37
7,3,211.01,25.59,34.66,23.37,47.33,59
7,3,337.57,41.14,42.35,28.53,31.42,57
7,3,278.06,52.21,40.46,27.16,40.33,62
7,3,288.63,40.33,32.44,29.3,33.57,71
7,3,336.01,35.66,44.23,30.5,24.1,40
7,3,311.93,37.46,35.5,27.47,37.7,42
7,3,322.14,28.45,34.15,33.24,19.18,72
7,4,243.05,35.63,44.17,46.78,25.86,53
7,4,244.87,26.86,32.62,50.14,30.76,66
7,4,293.17,42.41,39.99,37.42,32.65,104
7,4,308.25,30.2,35.47,35.98,16.11,87
7,4,298.6,36.23,41.62,27.97,9.62,75
7,4,231.6,25.83,34.78,32.27,31.45,41
7,4,281.58,32.31,44.95,41.17,9.59,62
7,4,306.87,25.84,33.5,37.86,17.44,68
7,4,302.14,24.37,30.49,30.54,26.04,65
7,4,258.33,25.16,30.1,42.41,18.45,89
7,5,295.76,41.01,48.36,19.64,40.84,37
7,5,334.61,59.4,49.67,49.23,26.51,47
7,5,352.5,40.75,39.12,35.54,21.2,71
7,5,334.54,37.71,33.26,39.13,24.68,88
7,5,329.19,41.01,45.77,51.32,25.1,57
7,5,295.34,29.52,53.59,44.83,16.12,37
7,5,344.86,43.76,32.36,22.22,22.45,36
7,5,351.28,35.54,30.54,24.59,32.85,41
7,5,318.49,34.02,25.9,26.59,26.95,40
7,5,304.02,43.19,42.13,34,24.9,43
7,6,351.94,39.87,49.08,33.24,29.97,73
7,6,289.89,37.86,44.36,47.27,19.36,61
7,6,331.17,58.85,56.01,50.15,31.23,53
7,6,380.28,45.08,57.61,35.52,41.87,85
7,6,284.18,49.28,30.44,21.65,31.72,39
7,6,348.3,67.65,36.39,26.04,35.03,71
7,6,343.76,64.65,51.91,44.58,35.81,75
7,6,374.2,43.86,28.16,37.28,29.54,74
7,6,367.9,51.75,45.31,40.14,30.72,58
7,6,297.04,41.15,34.88,28.42,27.14,71
7,7,305.27,45.88,53.1,49.57,36.86,90
7,7,322.42,81.2,49.32,57.3,20.11,53
7,7,348.02,32.62,48.02,35.83,22.3,65
7,7,312.91,42.01,34.54,28.95,51.96,66
7,7,284.13,52.62,45.83,48.11,35.96,107
7,7,319.53,44.75,51.96,45.39,51.45,73
7,7,303.45,27.66,35.63,41.92,41.26,66
7,7,346.93,54.03,35.43,45.54,36.64,82
7,7,338.9,49.6,59.68,48.04,40.37,68
7,7,324.58,43.92,50.01,66.94,20.82,102
8,1,249.47,36.14,37.92,41.11,29.49,51
8,1,235.06,35.67,59.18,37.25,42.76,34
8,1,242.51,37.97,46.52,32.68,24.53,62
8,1,246.18,33.43,51.09,30.24,28.15,47
8,1,229.05,37.36,39.36,28.59,25.12,45
8,1,267.28,40.51,53.73,26.18,17.35,42
8,1,274.48,39.91,41.89,42.27,25.78,42
8,1,252.1,27.8,19.93,16.64,41.74,36
8,1,272.98,34.51,32.94,33.14,14.02,50
8,1,262.63,22.42,34.08,32.62,21.4,59
8,2,236.42,24.8,40.75,38.18,18.63,65
8,2,246.27,52.62,28.22,36.39,29.48,48
8,2,216.87,49.48,50.78,36.11,38.18,66
8,2,222.83,36.87,42.24,49.94,22.07,50
8,2,224.99,34.31,36.84,27.75,15.66,60
8,2,197.79,31,29.9,28.55,32.62,70
8,2,236.05,36.25,38.67,37.96,16.83,56
8,2,210.79,30.79,36.66,29.38,13.91,54
8,2,223.63,39.98,34.6,35.25,13.14,60
8,2,225.52,27.1,34.24,36.23,13.3,55
8,3,287.74,51.11,45.04,56.11,31.21,87
8,3,217.71,32.51,53.41,46.52,44.83,71
8,3,256.17,33.5,24.9,35.44,40.67,51
8,3,242.69,35.8,38.32,51.67,30.26,42
8,3,230.69,32.61,45.97,49.38,26.58,43
8,3,199.9,22.31,44.29,52.49,12.1,73
8,3,263.06,28.87,42.27,43.9,28.78,81
8,3,200.04,31.54,37.56,41.17,14.84,73
8,3,200.69,35.1,42.29,42.79,17.45,55
8,3,225.59,45.39,58.47,33.68,36.97,60
8,4,216.37,61.53,69.62,82.76,35.44,62
8,4,234.36,40.71,33.19,34.82,17.67,47
8,4,216.49,35.63,49.6,57.1,26.96,54
8,4,215.81,39.82,29.07,22.52,15.85,71
8,4,225.06,60.08,58.72,41.02,31.06,53
8,4,212.03,70.21,48.53,38.52,36.07,74
8,4,245.67,44.03,41.17,39.8,10.9,48
8,4,248.09,43.03,59.19,48.05,12.33,59
8,4,239.98,45.25,42.91,34.32,25.14,98
8,4,228.97,71.43,66.79,53.94,11.09,52
8,5,246.52,38.84,50.41,45.43,31.38,53
8,5,212.96,43.37,38.79,34.73,50.74,77
8,5,215.97,59.56,59,39.41,39.84,61
8,5,253.31,54.06,73.85,61.67,27.92,57
8,5,250.04,51.44,42.92,42.73,20.48,56
8,5,226.94,52.32,41.18,40.63,25.06,54
8,5,247.91,59.96,60.24,50.66,27.13,52
8,5,285.83,48.11,47.87,28.61,39.23,46
8,5,258.57,53.55,57.64,41.14,32.64,55
8,5,293.48,53.24,51.73,48.01,23.14,51
8,6,261.27,36.14,48.39,42.59,19.71,54
8,6,249.68,40.51,45.55,41.67,16.39,68
8,6,237.47,37.14,44.36,41.56,15.31,91
8,6,253.21,30.36,39.91,37.7,11.49,55
8,6,274.59,31,52.28,47.61,31,49
8,6,235.8,39,51.32,29.56,13.53,71
8,6,263.14,27.32,32.44,44.9,26.42,66
8,6,262.18,31.74,25.86,26.98,13.61,57
8,6,253.26,36.28,52.89,32.11,25.84,49
8,6,220.54,42.34,35.82,21.2,19.71,61
8,7,239.22,42.56,43.58,31.79,28.57,58
8,7,221.2,32.22,38.46,30.31,24.12,54
8,7,216.8,43.51,34.17,46.08,25.62,53
8,7,214.7,43.74,41.28,39.2,38.28,49
8,7,247.72,38.01,57.2,40.1,30.44,47
8,7,222.95,59.88,63.29,42.15,17.19,62
8,7,288.91,37.28,56.97,30.93,18.35,64
8,7,205.16,39.38,31.37,33.61,20.69,68
8,7,195.31,32.26,37.36,45.88,11.46,79
8,7,202.72,27.83,28.88,33.92,16.34,88
9,1,247.05,48.81,46.78,54.06,25.22,76
9,1,254.05,46.42,54.24,51.75,40.77,63
9,1,258.55,38.04,31.05,43.2,22.58,103
9,1,267.6,45.57,41.55,51.32,44.74,80
9,1,270.54,42.37,39.81,28.19,39.36,88
9,1,278.89,46.42,58.46,43.16,29.45,77
9,1,278.78,39.11,38.16,53.08,26.61,82
9,1,269.7,43.54,33.68,40.67,27.97,71
9,1,255.57,43.9,47.42,65.03,28.47,74
9,1,250.63,33.07,61.48,46.76,36.07,65
9,2,302.37,50.92,50.69,32.79,21.45,72
9,2,285.46,44.32,54.17,45.95,19.56,84
9,2,315.47,38.75,36.62,43.3,30.82,88
9,2,323.56,41.11,38.16,46.95,24.15,95
9,2,262.41,39.91,35.63,47.02,27.66,91
9,2,350.21,61.39,49.23,28.25,19.06,76
9,2,304.99,51.9,58.39,40.51,26.57,67
9,2,272.13,28.76,42.42,52.84,34.33,59
9,2,252.43,51.75,42.75,47.49,26.18,84
9,2,227.15,38.92,40.54,39.96,28.98,68
9,3,294.98,38.84,54.69,48.55,26.42,72
9,3,261.08,44.5,49.85,53.02,23.5,74
9,3,305.55,53.51,39.2,47.61,25.56,97
9,3,297.4,51.96,46.05,35.32,24.77,92
9,3,263.53,32.12,29.51,26.91,37.91,68
9,3,248.21,52.2,48.65,52.8,28.74,79
9,3,269.22,55.7,60.34,33.31,27.38,74
9,3,203.82,57.3,54.61,42.89,20.93,85
9,3,235.22,60.89,47.04,51.77,25.83,92
9,3,249.59,47.11,70.1,48.35,29.61,79
9,4,236.21,26.34,29.82,38.65,20.41,75
9,4,247.77,31.68,30.95,20.7,18.88,84
9,4,245.35,33.51,34.21,33.67,38.04,68
9,4,260.29,26.11,22.49,25.09,16.39,75
9,4,271.2,28.74,28.35,33.66,21.72,83
9,4,279.65,37.25,37.35,27.32,23.34,97
9,4,243.31,32.02,41.94,35.06,29.52,100
9,4,223.95,38.94,30.24,19.36,22.56,108
9,4,218.15,30.06,36.54,30.5,25.57,99
9,4,175.61,28.48,27.16,35.47,18.26,87
9,5,274.31,38.14,46.39,28.36,31.92,62
9,5,289.88,25.86,29.76,36.41,22.52,61
9,5,229.65,40.51,38.16,28.42,25.38,49
9,5,220.42,34.08,50.64,39.82,24.47,84
9,5,205.9,42.17,30.1,13.65,26.04,93
9,5,280.61,37.57,80.96,48.42,21.19,97
9,5,291.72,24.21,31.28,48.15,31.47,91
9,5,264.38,41.11,36.7,30.52,30.03,67
9,5,333.59,39.2,52,64.76,23.81,82
9,5,321.93,39.15,40.6,54.28,24.06,59
9,6,270.36,34.7,38.49,42.05,33.6,57
9,6,248.84,43.57,38.16,33.58,35.29,68
9,6,285.47,50.29,44.58,43.21,21.2,72
9,6,279.88,43.99,41.76,35.52,20.13,59
9,6,267.93,32.65,32.66,39.68,29.91,86
9,6,264.48,46.77,48.08,50.25,34.24,88
9,6,294.99,40.75,49.23,40.84,25.22,92
9,6,256.63,54.79,57.81,50.67,21.13,73
9,6,282.01,42.61,43.24,37.7,39.21,74
9,6,259.59,40.3,39.38,31.7,28.3,77
9,7,260.93,35.43,35.29,46.19,22.15,94
9,7,288.53,40.3,36.49,45.92,14.07,95
9,7,247.21,29.29,37.34,45.83,18.32,83
9,7,268.17,31.17,41.53,51.35,20.66,81
9,7,271.89,36.39,60.07,47.15,21.19,75
9,7,208.99,40.09,33.15,36.19,18.1,69
9,7,279.36,33.34,33.39,38.67,28.3,67
9,7,334.72,38.04,51.28,46.97,20.69,88
9,7,309.78,42.05,21.73,16.17,29.45,97
9,7,323.85,38.8,35.62,40.46,21.51,104
